{
    "lr": 1.6653612001595978e-05,
    "weight_decay": 1.0210522740293052e-06,
    "step_size": 5,
    "gamma": 0.5,
    "label_smoothing": 0.06165697241032262,
    "mixup_alpha": 0.08467631476017444
}